,Character,Words,Play
0,Helen,3586,AWW
1,Parolles,2995,AWW
2,King,2831,AWW
3,Lafew,2219,AWW
4,Countess,2175,AWW
5,Bertram,2033,AWW
6,Fool,1671,AWW
7,LORDS.DUMAINE.1,1100,AWW
8,Diana,1024,AWW
9,LORDS.DUMAINE.2,837,AWW
10,SOLDIERS.Interpreter,607,AWW
11,Widow,435,AWW
12,Steward,345,AWW
13,Mariana,172,AWW
14,GENTLEMEN.3,125,AWW
15,Duke,124,AWW
16,GENTLEMEN.2,79,AWW
17,GENTLEMEN.1,61,AWW
18,Epilogue,52,AWW
19,Servant,34,AWW
20,ATTENDANTS.KING.0.1,32,AWW
21,ATTENDANTS.KING.0.2,29,AWW
22,LORDS.COURT.4,14,AWW
23,SOLDIERS.0.1,14,AWW
24,LORDS.COURT.2,13,AWW
25,LORDS.COURT.1,11,AWW
26,LORDS.COURT.3,8,AWW
27,Page,7,AWW
28,SOLDIERS,7,AWW
29,Antony,5998,Ant
30,Cleopatra,4695,Ant
31,Octavius,2889,Ant
32,Enobarbus,2436,Ant
33,Pompey,931,Ant
34,Charmian,632,Ant
35,Menas,459,Ant
36,Lepidus,411,Ant
37,Agrippa,376,Ant
38,Dolabella,286,Ant
39,Eros,284,Ant
40,Scarus,267,Ant
41,Maecenas,255,Ant
42,Countryman,252,Ant
43,Octavia,234,Ant
44,MESSENGERS.X.2,224,Ant
45,Ventidius,220,Ant
46,Proculeius,211,Ant
47,Soothsayer,209,Ant
48,Alexas,207,Ant
49,Thidias,182,Ant
50,Canidius,165,Ant
51,Iras,160,Ant
52,GUARDS.Dercetus,159,Ant
53,Diomedes,128,Ant
54,Philo,125,Ant
55,Mardian,118,Ant
56,Ambassador,107,Ant
57,WATCHMEN.Sentry,91,Ant
58,SOLDIERS.ANTONY.X.1,87,Ant
59,GUARDS.CAESAR.0.1,86,Ant
60,MESSENGERS.ANTONY.1,83,Ant
61,SOLDIERS.ANTONY.0.1,79,Ant
62,SOLDIERS.ANTONY.0.2,77,Ant
63,SERVANTS.0.1,69,Ant
64,MESSENGERS.CAESAR.2,67,Ant
65,Silius,67,Ant
66,SOLDIERS.ANTONY.X.3,63,Ant
67,SOLDIERS.CAESAR.X.1,62,Ant
68,SERVANTS.0.2,61,Ant
69,MESSENGERS.CAESAR.1,49,Ant
70,Boy,39,Ant
71,Egyptian,37,Ant
72,GUARDS.0.1,36,Ant
73,Demetrius,35,Ant
74,SOLDIERS.ANTONY.0.3,29,Ant
75,Varrius,27,Ant
76,Seleucus,26,Ant
77,WATCHMEN.2,26,Ant
78,WATCHMEN.1,25,Ant
79,CAPTAINS.0.1,24,Ant
80,Gallus,24,Ant
81,MESSENGERS.ANTONY.3,22,Ant
82,GUARDS.CAESAR.1,21,Ant
83,SOLDIERS.ANTONY.0.4,20,Ant
84,SOLDIERS.ANTONY.X.2,18,Ant
85,CAPTAINS,17,Ant
86,GUARDS.0.2,15,Ant
87,SOLDIERS.ANTONY,14,Ant
88,MESSENGERS.X.3,13,Ant
89,ATTENDANTS.CAESAR,11,Ant
90,GUARDS.0.3,11,Ant
91,GUARDS.CAESAR.0.2,9,Ant
92,GUARDS,9,Ant
93,MESSENGERS.ANTONY.2,9,Ant
94,SERVANTS.X.2,7,Ant
95,MESSENGERS.X.1,6,Ant
96,MESSENGERS.X.5,6,Ant
97,MESSENGERS.X.4,4,Ant
98,SERVANTS.X.1,4,Ant
99,ATTENDANTS.ANTONY,3,Ant
100,LADIES,3,Ant
101,SERVANTS,3,Ant
102,Taurus,2,Ant
103,Rosalind,5697,AYL
104,Touchstone,2374,AYL
105,Orlando,2370,AYL
106,Celia,2106,AYL
107,Jaques,1769,AYL
108,Oliver,1164,AYL
109,DukeSenior,808,AYL
110,Phoebe,694,AYL
111,Corin,549,AYL
112,Silvius,540,AYL
113,DukeFrederick,529,AYL
114,Adam,513,AYL
115,Charles,375,AYL
116,LORDS.FREDERICK.LeBeau,371,AYL
117,LORDS.SENIOR.0.1,359,AYL
118,LORDS.SENIOR.Amiens,278,AYL
119,SERVANTS.1,213,AYL
120,SERVANTS.2,196,AYL
121,Audrey,149,AYL
122,Hymen,134,AYL
123,SecondBrother,128,AYL
124,LORDS.SENIOR.0.2,71,AYL
125,LORDS.FREDERICK.0.2,63,AYL
126,William,41,AYL
127,LORDS.SENIOR,39,AYL
128,OliverMartext,36,AYL
129,LORDS.FREDERICK.0.1,32,AYL
130,Dennis,17,AYL
131,Adriana,2093,Err
132,AntipholusOfSyracuse,2083,Err
133,DromioOfSyracuse,2075,Err
134,AntipholusOfEphesus,1745,Err
135,DromioOfEphesus,1356,Err
136,Egeon,1097,Err
137,Luciana,760,Err
138,Duke,693,Err
139,Angelo,634,Err
140,Abbess,552,Err
141,Courtesan,293,Err
142,Merchant2,268,Err
143,Balthasar,202,Err
144,Messenger,130,Err
145,Merchant1,114,Err
146,Pinch,103,Err
147,OFFICERS.X,95,Err
148,Luce,63,Err
149,OFFICERS.Jailer,4,Err
150,Coriolanus,6481,Cor
151,Menenius,4288,Cor
152,Volumnia,2414,Cor
153,Aufidius,2034,Cor
154,TRIBUNES.Sicinius,1927,Cor
155,Cominius,1919,Cor
156,TRIBUNES.Brutus,1603,Cor
157,CITIZENS.ROMAN.0.1,477,Cor
158,CITIZENS.ROMAN.3,461,Cor
159,CITIZENS.ROMAN.0.2,460,Cor
160,SERVANTS.3,397,Cor
161,Lartius,394,Cor
162,Valeria,355,Cor
163,SENATORS.ROMAN.0.1,278,Cor
164,SERVANTS.2,267,Cor
165,WATCHMEN.1,252,Cor
166,SERVANTS.1,248,Cor
167,Virgilia,238,Cor
168,Nicanor,234,Cor
169,CITIZENS.ROMAN.0.3,186,Cor
170,OFFICERS.2,186,Cor
171,Adrian,160,Cor
172,CITIZENS.ROMAN,149,Cor
173,MESSENGERS.TRIBUNES.2,137,Cor
174,CITIZENS.ROMAN.2,119,Cor
175,OFFICERS.1,114,Cor
176,MESSENGERS.TRIBUNES.1,109,Cor
177,SENATORS.VOLSCIAN.0.1,108,Cor
178,LORDS.VOLSCIAN.0.1,100,Cor
179,CITIZENS.ROMAN.1,94,Cor
180,CONSPIRATORS.0.3,91,Cor
181,SOLDIERS.VOLSCIAN.Lieutenant,81,Cor
182,WATCHMEN.2,81,Cor
183,LORDS.VOLSCIAN.0.2,72,Cor
184,MESSENGERS.X.4,71,Cor
185,CITIZENS.ROMAN.4,69,Cor
186,CONSPIRATORS.0.1,67,Cor
187,MESSENGERS.X.3,62,Cor
188,SOLDIERS.ROMAN.0.1,57,Cor
189,CONSPIRATORS.0.2,49,Cor
190,SENATORS.VOLSCIAN.0.2,45,Cor
191,CITIZENS.ROMAN.7,42,Cor
192,AEDILES.X.2,39,Cor
193,AEDILES.X.3,38,Cor
194,CITIZENS.ROMAN.5,38,Cor
195,Herald,38,Cor
196,CITIZENS.ROMAN.6,36,Cor
197,SENATORS.ROMAN.0.2,34,Cor
198,CITIZENS.ROMAN.8,24,Cor
199,LORDS.VOLSCIAN.0.3,23,Cor
200,CITIZENS.VOLSCIAN,22,Cor
201,SOLDIERS.ROMAN.0.3,21,Cor
202,CITIZENS.ANTIUM.1,20,Cor
203,SENATORS.ROMAN,19,Cor
204,SOLDIERS.ROMAN.0.2,17,Cor
205,SOLDIERS.VOLSCIAN.0.1,17,Cor
206,YoungMartius,17,Cor
207,MESSENGERS.X.2,15,Cor
208,MESSENGERS.X.1,12,Cor
209,SOLDIERS.ROMAN,12,Cor
210,CONSPIRATORS,11,Cor
211,LORDS.VOLSCIAN,11,Cor
212,Gentlewoman,9,Cor
213,SENATORS.VOLSCIAN,5,Cor
214,SOLDIERS.ROMAN.Lieutenant,5,Cor
215,NOBLES.0.1,4,Cor
216,AEDILES,2,Cor
217,Imogen,4417,Cym
218,Posthumus,3391,Cym
219,Iachimo,3193,Cym
220,Belarius,2503,Cym
221,Cloten,2001,Cym
222,Cymbeline,1988,Cym
223,Pisanio,1499,Cym
224,Queen,1209,Cym
225,Guiderius,1110,Cym
226,Arviragus,947,Cym
227,Lucius,721,Cym
228,Cornelius,522,Cym
229,ATTENDANTS.1,506,Cym
230,JAILERS.1,412,Cym
231,ATTENDANTS.CLOTEN.2,313,Cym
232,Soothsayer,310,Cym
233,Philario,292,Cym
234,GHOSTS.Father,230,Cym
235,ATTENDANTS.CLOTEN.1,190,Cym
236,Frenchman,180,Cym
237,Jupiter,154,Cym
238,ATTENDANTS.0.2,102,Cym
239,SENATORS.1,101,Cym
240,GHOSTS.BROTHERS.1,73,Cym
241,ATTENDANTS.2,71,Cym
242,SOLDIERS.ROMAN.0.1,68,Cym
243,GHOSTS.Mother,62,Cym
244,LADIES.IMOGEN,60,Cym
245,SOLDIERS.BRITON.0.2,51,Cym
246,GHOSTS.BROTHERS.2,44,Cym
247,MUSICIANS,44,Cym
248,ATTENDANTS.3,34,Cym
249,SOLDIERS.BRITON.0.1,30,Cym
250,ATTENDANTS.0.1,22,Cym
251,TRIBUNES.0.1,15,Cym
252,MESSENGERS.1,12,Cym
253,MESSENGERS.2,10,Cym
254,LADIES.QUEEN.0.1,8,Cym
255,LADIES.QUEEN,6,Cym
256,JAILERS.2,4,Cym
257,SENATORS.2,1,Cym
258,Hamlet,11613,Ham
259,Claudius,4084,Ham
260,Polonius,2662,Ham
261,Horatio,2073,Ham
262,Laertes,1446,Ham
263,Ophelia,1183,Ham
264,Gertrude,1050,Ham
265,Gravedigger,736,Ham
266,Rosencrantz,708,Ham
267,Ghost,680,Ham
268,Marcellus,440,Ham
269,Osric,359,Ham
270,PLAYERS.1,352,Ham
271,PLAYERS.King,337,Ham
272,Guildenstern,323,Ham
273,PLAYERS.Queen,247,Ham
274,Barnardo,226,Ham
275,Fortinbras,187,Ham
276,Voltemand,159,Ham
277,ATTENDANTS.1,99,Ham
278,GravediggersCompanion,97,Ham
279,Doctor,90,Ham
280,SOLDIERS.FORTINBRAS.Captain,85,Ham
281,MESSENGERS.1,77,Ham
282,ATTENDANTS.2,67,Ham
283,Reynaldo,65,Ham
284,Francisco,55,Ham
285,AMBASSADORS,40,Ham
286,PLAYERS.Lucianus,40,Ham
287,SAILORS.0.1,40,Ham
288,MESSENGERS.2,36,Ham
289,PLAYERS.Prologue,16,Ham
290,PLAYERS.0.1,14,Ham
291,ATTENDANTS.0.1,13,Ham
292,Cornelius,10,Ham
293,FOLLOWERS.LAERTES,8,Ham
294,ATTENDANTS.GUARDS,3,Ham
295,ATTENDANTS,3,Ham
296,Falstaff,5510,1H4
297,HenryV,4368,1H4
298,Hotspur,4326,1H4
299,HenryIV,2555,1H4
300,Worcester,1421,1H4
301,Glendower,608,1H4
302,Poins,546,1H4
303,Vernon,460,1H4
304,Mortimer,444,1H4
305,LadyPercy,419,1H4
306,MistressQuickly,411,1H4
307,Gadshill,343,1H4
308,Douglas,341,1H4
309,Blunt,299,1H4
310,Westmoreland,297,1H4
311,Archbishop,258,1H4
312,Bardolph,201,1H4
313,TRAVELERS.CARRIERS.1,175,1H4
314,Northumberland,170,1H4
315,Chamberlain,149,1H4
316,TRAVELERS.CARRIERS.2,140,1H4
317,Peto,93,1H4
318,DRAWERS.Francis,83,1H4
319,Bedford,64,1H4
320,Sheriff,59,1H4
321,SirMichael,53,1H4
322,MESSENGERS.X,49,1H4
323,Vintner,33,1H4
324,TRAVELERS.GENTLEMEN.0.1,31,1H4
325,SERVANTS.HOTSPUR.1,19,1H4
326,TRAVELERS.GENTLEMEN,12,1H4
327,MESSENGERS.2,8,1H4
328,MESSENGERS.1,7,1H4
329,TRAVELERS.CARRIERS.X,4,1H4
330,TRAVELERS.CARRIERS,3,1H4
331,Ostler,2,1H4
332,Falstaff,5477,2H4
333,HenryV,2445,2H4
334,HenryIV,2281,2H4
335,Shallow,1570,2H4
336,MistressQuickly,1425,2H4
337,ChiefJustice,1137,2H4
338,Archbishop,1094,2H4
339,Westmoreland,851,2H4
340,Northumberland,819,2H4
341,Bedford,812,2H4
342,LordBardolph,643,2H4
343,DollTearsheet,638,2H4
344,Morton,633,2H4
345,Warwick,573,2H4
346,Pistol,553,2H4
347,Poins,474,2H4
348,Mowbray,434,2H4
349,Hastings,415,2H4
350,LadyPercy,372,2H4
351,Epilogue,331,2H4
352,Bardolph,310,2H4
353,Chorus,297,2H4
354,Davy,276,2H4
355,Silence,257,2H4
356,SERVANTS.FALSTAFF.1,214,2H4
357,Clarence,170,2H4
358,Gloucester,122,2H4
359,Travers,112,2H4
360,Bullcalf,109,2H4
361,Feeble,95,2H4
362,Mouldy,95,2H4
363,SERVANTS.CHIEFJUSTICE.1,85,2H4
364,BEADLES.0.1,72,2H4
365,DRAWERS.1,68,2H4
366,Colevile,64,2H4
367,Harcourt,64,2H4
368,DRAWERS.Francis,60,2H4
369,MESSENGERS.Gower,56,2H4
370,OFFICERS.Fang,53,2H4
371,Peto,44,2H4
372,LadyNorthumberland,38,2H4
373,DRAWERS.Will,33,2H4
374,MESSENGERS.1,33,2H4
375,Porter,28,2H4
376,OFFICERS.Snare,19,2H4
377,GROOMS.1,16,2H4
378,DRAWERS.X,9,2H4
379,Shadow,6,2H4
380,GROOMS.2,5,2H4
381,Wart,4,2H4
382,HenryV,8332,H5
383,Fluellen,2501,H5
384,Chorus,1668,H5
385,BishopOfCanterbury,1652,H5
386,Pistol,1118,H5
387,Exeter,965,H5
388,Constable,922,H5
389,Dauphin,905,H5
390,KingOfFrance,699,H5
391,Boy,626,H5
392,SOLDIERS.ENGLISH.Williams,621,H5
393,Burgundy,512,H5
394,Gower,507,H5
395,Katherine,441,H5
396,Montjoy,399,H5
397,Nym,386,H5
398,MistressQuickly,360,H5
399,Orleans,312,H5
400,BishopOfEly,240,H5
401,Bardolph,224,H5
402,MacMorris,205,H5
403,QueenOfFrance,188,H5
404,SOLDIERS.ENGLISH.Bates,167,H5
405,Alice,164,H5
406,Westmoreland,144,H5
407,Grandpre,137,H5
408,AMBASSADORS.0.1,132,H5
409,Cambridge,107,H5
410,Jamy,98,H5
411,SOLDIERS.FRENCH.LeFer,98,H5
412,Scroop,93,H5
413,Grey,86,H5
414,Bedford,77,H5
415,Salisbury,75,H5
416,Bourbon,74,H5
417,Rambures,66,H5
418,Brittany,65,H5
419,Governor,56,H5
420,Erpingham,53,H5
421,Gloucester,28,H5
422,MESSENGERS.X.2,17,H5
423,York,14,H5
424,MESSENGERS.X.1,12,H5
425,SOLDIERS.ENGLISH.Court,11,H5
426,HERALDS.1,8,H5
427,MESSENGERS.X.3,7,H5
428,Warwick,7,H5
429,ATTENDANTS.ENGLISH,1,H5
430,Talbot,3109,1H6
431,Pucelle,1957,1H6
432,Gloucester,1401,1H6
433,York,1385,1H6
434,HenryVI,1330,1H6
435,Suffolk,1304,1H6
436,Charles,1019,1H6
437,CardinalBeaufort,727,1H6
438,Mortimer,651,1H6
439,Bedford,595,1H6
440,Lucy,586,1H6
441,Warwick,542,1H6
442,Somerset,513,1H6
443,Exeter,444,1H6
444,Reignier,444,1H6
445,JohnTalbot,400,1H6
446,Alanson,359,1H6
447,Countess,350,1H6
448,MESSENGERS.ENGLISH.3,338,1H6
449,Burgundy,334,1H6
450,QueenMargaret,254,1H6
451,Vernon,237,1H6
452,Bastard,222,1H6
453,General,202,1H6
454,Shepherd,201,1H6
455,Basset,191,1H6
456,Mayor,151,1H6
457,MasterGunner,138,1H6
458,MESSENGERS.ENGLISH.1,126,1H6
459,Salisbury,113,1H6
460,MESSENGERS.FRENCH.1,102,1H6
461,SERVANTS.GLOUCESTER.0.2,83,1H6
462,Fastolf,55,1H6
463,MESSENGERS.ENGLISH.2,54,1H6
464,MESSENGERS.ENGLISH.X.2,49,1H6
465,OFFICERS.0.1,49,1H6
466,SERVANTS.GLOUCESTER.0.1,40,1H6
467,Woodville,38,1H6
468,SOLDIERS.ENGLISH.1,34,1H6
469,MESSENGERS.ENGLISH.X.1,33,1H6
470,Boy,32,1H6
471,SOLDIERS.FRENCH.Scout,31,1H6
472,SOLDIERS.FRENCH.Sergeant,31,1H6
473,JAILERS.0.1,30,1H6
474,Lawyer,29,1H6
475,SERVANTS.WINCHESTER.0.1,29,1H6
476,WATCHMEN.1,29,1H6
477,SOLDIERS.ENGLISH.Captain,22,1H6
478,WARDERS.1,22,1H6
479,SOLDIERS.FRENCH.PUCELLE.0.1,21,1H6
480,Gargrave,18,1H6
481,SERVANTS.GLOUCESTER,18,1H6
482,SOLDIERS.ENGLISH.SOMERSET.0.1,16,1H6
483,SERVANTS.TALBOT.1,10,1H6
484,Watchman,10,1H6
485,Glansdale,9,1H6
486,SERVANTS.3,9,1H6
487,WARDERS.2,9,1H6
488,Legate,7,1H6
489,SOLDIERS.ENGLISH.0.1,7,1H6
490,SERVANTS.1,5,1H6
491,SERVANTS.2,4,1H6
492,Porter,3,1H6
493,York,2990,2H6
494,QueenMargaret,2503,2H6
495,HenryVI,2480,2H6
496,Gloucester,2346,2H6
497,Suffolk,2306,2H6
498,Cade,2142,2H6
499,Warwick,1065,2H6
500,DuchessOfGloucester,963,2H6
501,CardinalBeaufort,816,2H6
502,Salisbury,723,2H6
503,Buckingham,562,2H6
504,Lieutenant,480,2H6
505,Clifford,468,2H6
506,Iden,432,2H6
507,Saye,361,2H6
508,YoungClifford,346,2H6
509,Dick,327,2H6
510,Hume,244,2H6
511,Thump,197,2H6
512,RichardIII,195,2H6
513,Holland,189,2H6
514,Somerset,182,2H6
515,Bolingbroke,181,2H6
516,Horner,171,2H6
517,Bevis,168,2H6
518,Simpcox,167,2H6
519,Smith,164,2H6
520,Whitmore,153,2H6
521,Stafford,112,2H6
522,Vaux,84,2H6
523,PETITIONERS.0.1,82,2H6
524,MESSENGERS.1,75,2H6
525,FOLLOWERS.CADE.0,70,2H6
526,FOLLOWERS.CADE,66,2H6
527,Scales,64,2H6
528,Michael,62,2H6
529,Spirit,61,2H6
530,Stanley,61,2H6
531,MESSENGERS.X.3,59,2H6
532,GENTLEMEN.1,56,2H6
533,SimpcoxWife,56,2H6
534,WilliamStafford,46,2H6
535,MESSENGERS.Post,45,2H6
536,PETITIONERS.0.2,43,2H6
537,CITIZENS.LONDON.0.1,38,2H6
538,MESSENGERS.2,35,2H6
539,George,34,2H6
540,Sheriff,34,2H6
541,MESSENGERS.X.2,32,2H6
542,Sawyer,32,2H6
543,MURDERERS.0.1,31,2H6
544,CITIZENS.STALBANS.0.1,29,2H6
545,Jourdain,27,2H6
546,MESSENGERS.X.1,24,2H6
547,NEIGHBORS.1,21,2H6
548,CITIZENS,20,2H6
549,Clerk,18,2H6
550,HERALDS.X.1,17,2H6
551,MURDERERS.0.2,17,2H6
552,MayorOfStAlbans,15,2H6
553,NEIGHBORS.3,15,2H6
554,PRENTICES.2,14,2H6
555,SERVANTS.GLOUCESTER.0.1,13,2H6
556,Beadle,12,2H6
557,GENTLEMEN.2,10,2H6
558,Mate,10,2H6
559,PRENTICES.1,10,2H6
560,Master,9,2H6
561,EdwardIV,8,2H6
562,NEIGHBORS.2,8,2H6
563,PETITIONERS,4,2H6
564,SOLDIERS.1,4,2H6
565,EdwardIV,3483,3H6
566,Warwick,3414,3H6
567,RichardIII,3174,3H6
568,HenryVI,2904,3H6
569,QueenMargaret,2246,3H6
570,York,1358,3H6
571,Clifford,1092,3H6
572,Clarence,836,3H6
573,QueenElizabeth,594,3H6
574,KingLewis,516,3H6
575,PrinceEdward,358,3H6
576,Oxford,277,3H6
577,Somerset,262,3H6
578,Northumberland,244,3H6
579,MESSENGERS.Post,224,3H6
580,Father,218,3H6
581,Rutland,196,3H6
582,Son,190,3H6
583,MESSENGERS.X.2,162,3H6
584,Hastings,158,3H6
585,GAMEKEEPERS.1,147,3H6
586,Exeter,136,3H6
587,GAMEKEEPERS.2,123,3H6
588,Montgomery,119,3H6
589,Montague,118,3H6
590,Westmorland,85,3H6
591,WATCHMEN.3,74,3H6
592,LadyBona,71,3H6
593,WATCHMEN.1,62,3H6
594,Rivers,54,3H6
595,MayorOfYork,48,3H6
596,WATCHMEN.2,48,3H6
597,MESSENGERS.X.4,46,3H6
598,Somerville,44,3H6
599,MESSENGERS.X.1,32,3H6
600,Norfolk,26,3H6
601,MESSENGERS.X.3,24,3H6
602,Tutor,24,3H6
603,SOLDIERS.YORK.0.1,23,3H6
604,Lieutenant,21,3H6
605,Huntsman,18,3H6
606,ATTENDANTS.EDWARD.1,16,3H6
607,MESSENGERS.X.5,14,3H6
608,JohnMortimer,10,3H6
609,MESSENGERS.2,8,3H6
610,MESSENGERS.1,6,3H6
611,ALDERMEN,5,3H6
612,SOLDIERS.MONTGOMERY,5,3H6
613,SOLDIERS.YORK,5,3H6
614,HenryVIII,3370,H8
615,Wolsey,3200,H8
616,Katherine,2885,H8
617,Buckingham,1480,H8
618,Norfolk,1453,H8
619,Chamberlain,1130,H8
620,Cranmer,1039,H8
621,GENTLEMEN.1,703,H8
622,Gardiner,665,H8
623,Suffolk,624,H8
624,GENTLEMEN.2,569,H8
625,Surrey,522,H8
626,OldLady,495,H8
627,Lovell,475,H8
628,Surveyor,449,H8
629,GENTLEMEN.3,437,H8
630,Griffith,421,H8
631,Campeius,379,H8
632,Anne,376,H8
633,SERVANTS.PORTER.1,354,H8
634,Sands,338,H8
635,Cromwell,304,H8
636,Porter,274,H8
637,Prologue,266,H8
638,Chancellor,212,H8
639,Epilogue,123,H8
640,Abergavenny,114,H8
641,Brandon,84,H8
642,LADIES.KATHERINE.0.1,70,H8
643,Guilford,69,H8
644,Capuchius,65,H8
645,Butts,59,H8
646,BishopOfLincoln,52,H8
647,Keeper,40,H8
648,LADIES.KATHERINE.Patience,35,H8
649,Messenger,29,H8
650,Sergeant,28,H8
651,Crier,24,H8
652,SERVANTS.X.1,24,H8
653,Vaux,24,H8
654,Denny,21,H8
655,Garter,21,H8
656,GENTLEMEN.X,19,H8
657,Scribe,18,H8
658,SERVANTS.LARDER.1,13,H8
659,SECRETARIES.0.1,8,H8
660,Usher,5,H8
661,Page,3,H8
662,Brutus,5388,JC
663,Cassius,3708,JC
664,Antony,2537,JC
665,Caesar,1142,JC
666,Casca,1073,JC
667,Portia,724,JC
668,Octavius,328,JC
669,Decius,323,JC
670,SOLDIERS.BRUTUS.Messala,254,JC
671,SOLDIERS.BRUTUS.Titinius,238,JC
672,Marullus,231,JC
673,PLEBEIANS.0.2,222,JC
674,PLEBEIANS.0.1,217,JC
675,PLEBEIANS.0.4,215,JC
676,PLEBEIANS.0.3,213,JC
677,Flavius,207,JC
678,Lucius,206,JC
679,Calphurnia,203,JC
680,SOLDIERS.BRUTUS.Lucilius,197,JC
681,Artemidorus,145,JC
682,COMMONERS.Cobbler,145,JC
683,Soothsayer,131,JC
684,Cinna,130,JC
685,Metellus,121,JC
686,Pindarus,120,JC
687,SERVANTS.ANTONY.1,119,JC
688,Ligarius,111,JC
689,CinnaPoet,104,JC
690,PLEBEIANS,89,JC
691,SOLDIERS.BRUTUS.Clitus,70,JC
692,Cicero,62,JC
693,SERVANTS.OCTAVIUS.1,62,JC
694,Trebonius,60,JC
695,SOLDIERS.BRUTUS.Strato,59,JC
696,Poet,54,JC
697,SOLDIERS.BRUTUS.Cato,54,JC
698,SERVANTS.CAESAR.1,31,JC
699,SOLDIERS.BRUTUS.Varro,31,JC
700,SOLDIERS.ANTONY.0.1,26,JC
701,Messenger,24,JC
702,Lepidus,22,JC
703,SOLDIERS.BRUTUS.Volumnius,17,JC
704,SOLDIERS.BRUTUS.Claudius,16,JC
705,SOLDIERS.BRUTUS.Dardanus,15,JC
706,Popilius,10,JC
707,SOLDIERS.ANTONY.0.2,7,JC
708,Publius,6,JC
709,COMMONERS.Carpenter,4,JC
710,SOLDIERS.BRUTUS.0.1,1,JC
711,SOLDIERS.BRUTUS.0.2,1,JC
712,SOLDIERS.BRUTUS.0.3,1,JC
713,Bastard,4087,Jn
714,KingJohn,3309,Jn
715,Constance,2112,Jn
716,KingPhilip,1477,Jn
717,Pandulph,1264,Jn
718,Salisbury,1216,Jn
719,Dauphin,1194,Jn
720,Hubert,1010,Jn
721,Arthur,977,Jn
722,Pembroke,610,Jn
723,CITIZENS.0.1,517,Jn
724,QueenEleanor,424,Jn
725,Blanche,332,Jn
726,Melun,308,Jn
727,Chatillion,296,Jn
728,Austria,239,Jn
729,PrinceHenry,221,Jn
730,RobertFaulconbridge,179,Jn
731,MESSENGERS.ENGLISH.1,164,Jn
732,LadyFaulconbridge,122,Jn
733,HERALDS.ENGLISH,101,Jn
734,HERALDS.FRENCH,87,Jn
735,Bigot,59,Jn
736,MESSENGERS.FRENCH.1,46,Jn
737,Essex,25,Jn
738,EXECUTIONERS.0.1,19,Jn
739,Peter,8,Jn
740,Gurney,4,Jn
741,Lear,5601,Lr
742,Edgar,2903,Lr
743,Kent,2586,Lr
744,Gloucester,2531,Lr
745,Edmund,2369,Lr
746,Fool,1739,Lr
747,Goneril,1473,Lr
748,Regan,1363,Lr
749,Albany,1006,Lr
750,Cordelia,825,Lr
751,Cornwall,745,Lr
752,Oswald,499,Lr
753,France,240,Lr
754,ATTENDANTS.X.4,229,Lr
755,ATTENDANTS.CORDELIA.1,163,Lr
756,Doctor,124,Lr
757,ATTENDANTS.X.3,123,Lr
758,MESSENGERS.X.1,117,Lr
759,ATTENDANTS.LEAR.0.3,105,Lr
760,Curan,77,Lr
761,SERVANTS.0.1,76,Lr
762,Burgundy,68,Lr
763,Herald,59,Lr
764,OldMan,58,Lr
765,SERVANTS.0.3,39,Lr
766,SERVANTS.0.2,35,Lr
767,ATTENDANTS.ALBANY,33,Lr
768,ATTENDANTS.X.2,25,Lr
769,SOLDIERS.CAPTAINS.1,22,Lr
770,MESSENGERS.X.2,8,Lr
771,MESSENGERS.X.3,5,Lr
772,ATTENDANTS.X.1,3,Lr
773,SOLDIERS.CAPTAINS.2,2,Lr
774,Berowne,4594,LLL
775,King,2359,LLL
776,Princess,2179,LLL
777,Boyet,1765,LLL
778,Armado,1733,LLL
779,Costard,1533,LLL
780,Rosaline,1333,LLL
781,Holofernes,1302,LLL
782,Boy,1107,LLL
783,Dumaine,544,LLL
784,Nathaniel,520,LLL
785,Longaville,518,LLL
786,Katherine,388,LLL
787,Maria,295,LLL
788,Dull,236,LLL
789,Winter,105,LLL
790,Jaquenetta,100,LLL
791,Spring,96,LLL
792,Forester,45,LLL
793,Marcade,28,LLL
794,LORDS.0,7,LLL
795,Macbeth,5310,Mac
796,LadyMacbeth,1908,Mac
797,Malcolm,1508,Mac
798,Macduff,1162,Mac
799,Ross,917,Mac
800,Banquo,777,Mac
801,Lennox,513,Mac
802,Duncan,472,Mac
803,WITCHES.1,467,Mac
804,Porter,307,Mac
805,LadyMacduff,292,Mac
806,Doctor2,290,Mac
807,Hecate,263,Mac
808,WITCHES.3,246,Mac
809,WITCHES.2,242,Mac
810,SOLDIERS.Captain,236,Mac
811,Siward,207,Mac
812,Gentlewoman,181,Mac
813,MURDERERS.1,163,Mac
814,Lord,158,Mac
815,MacduffsSon,143,Mac
816,Angus,137,Mac
817,MURDERERS.2,100,Mac
818,OldMan,81,Mac
819,MESSENGERS.2,75,Mac
820,Caithness,73,Mac
821,Menteith,71,Mac
822,MESSENGERS.3,64,Mac
823,Donalbain,60,Mac
824,YoungSiward,43,Mac
825,MURDERERS.3,42,Mac
826,MESSENGERS.1,38,Mac
827,Doctor1,35,Mac
828,SPIRITS.3,32,Mac
829,Seyton,31,Mac
830,SPIRITS.2,23,Mac
831,ATTENDANTS,17,Mac
832,Fleance,16,Mac
833,MURDERERS.0.1,14,Mac
834,SPIRITS.1,13,Mac
835,SERVANTS.X.4,12,Mac
836,SERVANTS.X.3,9,Mac
837,SERVANTS.X.2,8,Mac
838,SOLDIERS.MALCOLM.0.1,8,Mac
839,SOLDIERS.MALCOLM,4,Mac
840,Duke,6533,MM
841,Isabella,3018,MM
842,Angelo,2379,MM
843,Lucio,2318,MM
844,Escalus,1418,MM
845,Pompey,1292,MM
846,Provost,1125,MM
847,Claudio,798,MM
848,Elbow,600,MM
849,Mariana,484,MM
850,FriarPeter,273,MM
851,Bawd,226,MM
852,GENTLEMEN.1,169,MM
853,Abhorson,141,MM
854,Barnardine,112,MM
855,Nun,76,MM
856,Juliet,63,MM
857,GENTLEMEN.2,59,MM
858,Froth,58,MM
859,Boy,41,MM
860,Messenger,41,MM
861,FriarThomas,35,MM
862,SERVANTS.1,34,MM
863,Justice,10,MM
864,Portia,4599,MV
865,Shylock,2881,MV
866,Bassanio,2593,MV
867,LanceletGobbo,1452,MV
868,Antonio,1434,MV
869,Gratiano,1373,MV
870,Lorenzo,1329,MV
871,Morocco,800,MV
872,Salarino,701,MV
873,Nerissa,695,MV
874,Jessica,660,MV
875,Duke,557,MV
876,Solanio,544,MV
877,Arragon,496,MV
878,OldGobbo,292,MV
879,Salerio,174,MV
880,Tubal,96,MV
881,Messenger,76,MV
882,ATTENDANTS.PORTIA.Stephano,54,MV
883,MUSICIANS,53,MV
884,SERVANTS.1,35,MV
885,SERVANTS.2,15,MV
886,ATTENDANTS.BASSANIO.Leonardo,11,MV
887,ATTENDANTS.PORTIA.Balthazar,7,MV
888,Falstaff,3649,Wiv
889,MasterFord,2530,Wiv
890,MistressPage,2528,Wiv
891,MistressQuickly,2200,Wiv
892,HughEvans,1849,Wiv
893,MistressFord,1293,Wiv
894,Slender,1171,Wiv
895,MasterPage,1094,Wiv
896,Shallow,914,Wiv
897,Host,855,Wiv
898,DoctorCaius,819,Wiv
899,Fenton,750,Wiv
900,Pistol,464,Wiv
901,Simple,332,Wiv
902,Nym,239,Wiv
903,AnnePage,185,Wiv
904,Bardolph,168,Wiv
905,Robin,101,Wiv
906,BOYS,59,Wiv
907,Rugby,52,Wiv
908,WilliamPage,37,Wiv
909,Robert,20,Wiv
910,John,13,Wiv
911,Bottom,2040,MND
912,Helena,1816,MND
913,Theseus,1724,MND
914,Oberon,1607,MND
915,Lysander,1395,MND
916,RobinGoodfellow,1370,MND
917,Hermia,1284,MND
918,Titania,1080,MND
919,Demetrius,1066,MND
920,Quince,962,MND
921,Flute,355,MND
922,Egeus,296,MND
923,Hippolyta,250,MND
924,FAIRIES.TITANIA.1,187,MND
925,Philostrate,183,MND
926,Snout,165,MND
927,Snug,125,MND
928,FAIRIES.TITANIA.0.1,104,MND
929,Starveling,94,MND
930,FAIRIES.TITANIA.0.2,70,MND
931,FAIRIES.TITANIA,60,MND
932,FAIRIES.TITANIA.Mustardseed,12,MND
933,FAIRIES.TITANIA.Cobweb,9,MND
934,FAIRIES.TITANIA.Peaseblossom,9,MND
935,FAIRIES.TITANIA.Mote,7,MND
936,Benedick,3761,Ado
937,Leonato,2642,Ado
938,DonPedro,2461,Ado
939,Beatrice,2359,Ado
940,Claudio,2012,Ado
941,Dogberry,1541,Ado
942,Borachio,997,Ado
943,Hero,980,Ado
944,DonJohn,900,Ado
945,FriarFrancis,592,Ado
946,Margaret,548,Ado
947,LeonatosBrother,396,Ado
948,Ursula,362,Ado
949,Conrade,248,Ado
950,MESSENGERS.LEONATO.1,211,Ado
951,Verges,185,Ado
952,Balthasar,180,Ado
953,Sexton,106,Ado
954,WATCHMEN.Seacoal,106,Ado
955,WATCHMEN.1,101,Ado
956,MUSICIANS,48,Ado
957,WATCHMEN.2,24,Ado
958,Antonio,19,Ado
959,MESSENGERS.DONPEDRO.1,17,Ado
960,Boy,6,Ado
961,ATTENDANTS.0.1,4,Ado
962,Iago,8438,Oth
963,Othello,6263,Oth
964,Desdemona,2755,Oth
965,Cassio,1961,Oth
966,Emilia,1823,Oth
967,Brabantio,1045,Oth
968,Roderigo,861,Oth
969,Lodovico,529,Oth
970,Duke,476,Oth
971,Montano,420,Oth
972,Bianca,270,Oth
973,Clown,227,Oth
974,SENATORS.0.1,187,Oth
975,Gratiano,165,Oth
976,GENTLEMEN.3,113,Oth
977,Herald,101,Oth
978,GENTLEMEN.2,88,Oth
979,MESSENGERS.X.1,62,Oth
980,SENATORS.0.2,44,Oth
981,OFFICERS.0.1,28,Oth
982,Sailor,24,Oth
983,MUSICIANS.0.1,23,Oth
984,GENTLEMEN.1,19,Oth
985,MESSENGERS.X.2,19,Oth
986,OFFICERS,19,Oth
987,GENTLEMEN.0.1,7,Oth
988,SENATORS,6,Oth
989,GENTLEMEN,2,Oth
990,Pericles,4580,Per
991,Gower,2073,Per
992,Marina,1265,Per
993,Simonides,1136,Per
994,Helicanus,872,Per
995,Cleon,841,Per
996,Bawd,840,Per
997,Cerimon,731,Per
998,Lysimachus,721,Per
999,Dionyza,677,Per
1000,Bolt,656,Per
1001,Thaisa,566,Per
1002,Antiochus,483,Per
1003,FISHERMEN.1,314,Per
1004,FISHERMEN.2,222,Per
1005,Pander,216,Per
1006,Thaliard,207,Per
1007,FISHERMEN.3,151,Per
1008,Leonine,143,Per
1009,LORDS.TYRE.0.1,140,Per
1010,GENTLEMEN.EPHESUS.1,90,Per
1011,GENTLEMEN.EPHESUS.2,84,Per
1012,Lychorida,74,Per
1013,Diana,72,Per
1014,SAILORS.1,71,Per
1015,LORDS.TYRE.0.2,68,Per
1016,KNIGHTS.0.1,48,Per
1017,LORDS.TARSUS.1,48,Per
1018,LORDS.PENTAPOLIS.0.1,44,Per
1019,SAILORS.TYRE.1,42,Per
1020,SAILORS.2,38,Per
1021,GENTLEMEN.MYTILENE.1,37,Per
1022,SERVANTS.CERIMON.0.1,33,Per
1023,GENTLEMEN.MYTILENE.2,32,Per
1024,KNIGHTS.0.2,28,Per
1025,KNIGHTS.0.3,27,Per
1026,KNIGHTS,19,Per
1027,LORDS.PENTAPOLIS.0.3,17,Per
1028,Daughter,16,Per
1029,LORDS.MYTILENE.0.1,16,Per
1030,SUPPLIANTS.1,16,Per
1031,LORDS.PENTAPOLIS.0.2,15,Per
1032,SAILORS.MYTILENE.1,13,Per
1033,LORDS.TYRE.0.3,12,Per
1034,CITIZENS.TARSUS,11,Per
1035,PIRATES.0.3,9,Per
1036,PIRATES.0.1,8,Per
1037,LORDS.TYRE.Escanes,6,Per
1038,MESSENGERS.ANTIOCH.1,6,Per
1039,Marshal,5,Per
1040,GENTLEMEN.TYRE.0.1,4,Per
1041,PIRATES.0.2,4,Per
1042,Philemon,4,Per
1043,LORDS.TYRE,3,Per
1044,RichardII,5986,R2
1045,HenryIV,3117,R2
1046,York,2232,R2
1047,Gaunt,1515,R2
1048,Northumberland,1104,R2
1049,Mowbray,1057,R2
1050,Queen,910,R2
1051,DuchessOfYork,734,R2
1052,Aumerle,676,R2
1053,BishopOfCarlisle,485,R2
1054,DuchessOfGloucester,457,R2
1055,Gardener,409,R2
1056,Hotspur,352,R2
1057,Scroop,285,R2
1058,Bushy,272,R2
1059,Green,243,R2
1060,Fitzwater,218,R2
1061,LordMarshal,202,R2
1062,Exton,178,R2
1063,Ross,178,R2
1064,Bagot,171,R2
1065,Salisbury,156,R2
1066,WelshCaptain,121,R2
1067,Willoughby,102,R2
1068,Groom,91,R2
1069,Surrey,75,R2
1070,AbbotOfWestminster,71,R2
1071,SERVANTS.GARDENER.1,70,R2
1072,Berkeley,69,R2
1073,HERALDS.1,48,R2
1074,HERALDS.2,48,R2
1075,LORDS.1,43,R2
1076,SERVANTS.YORK.1,43,R2
1077,Jailer,38,R2
1078,LADIES.0.1,27,R2
1079,SERVANTS.EXTON.0.1,7,R2
1080,RichardIII,8833,R3
1081,Buckingham,2918,R3
1082,QueenElizabeth,2122,R3
1083,QueenMargaret,1751,R3
1084,Clarence,1338,R3
1085,LadyAnne,1242,R3
1086,Hastings,1149,R3
1087,DuchessOfYork,1093,R3
1088,HenryVII,1066,R3
1089,Stanley,833,R3
1090,EdwardIV,524,R3
1091,MURDERERS.1,463,R3
1092,MURDERERS.2,436,R3
1093,Catesby,435,R3
1094,EdwardV,411,R3
1095,York,404,R3
1096,Rivers,403,R3
1097,Tyrrel,268,R3
1098,CITIZENS.3,230,R3
1099,Brakenbury,225,R3
1100,Ratcliffe,219,R3
1101,ClarencesBoy,181,R3
1102,Grey,134,R3
1103,Dorset,122,R3
1104,MESSENGERS.X.2,118,R3
1105,Scrivener,116,R3
1106,MayorOfLondon,115,R3
1107,CITIZENS.2,104,R3
1108,Archbishop,78,R3
1109,MESSENGERS.4,78,R3
1110,Cardinal,74,R3
1111,Jailer,68,R3
1112,Norfolk,68,R3
1113,Blunt,67,R3
1114,CITIZENS.1,65,R3
1115,MESSENGERS.X.1,61,R3
1116,ClarencesDaughter,58,R3
1117,SirChristopher,58,R3
1118,HenryVI,54,R3
1119,BishopOfEly,47,R3
1120,MESSENGERS.3,47,R3
1121,PrinceEdward,44,R3
1122,Vaughan,39,R3
1123,ATTENDANTS.0.1,36,R3
1124,MESSENGERS.1,33,R3
1125,MESSENGERS.2,23,R3
1126,Lovell,20,R3
1127,Pursuivant,20,R3
1128,SirJohn,16,R3
1129,ATTENDANTS.RICHMOND.0.1,14,R3
1130,GENTLEMEN.0.1,13,R3
1131,Oxford,13,R3
1132,Herbert,10,R3
1133,Sheriff,9,R3
1134,Surrey,9,R3
1135,MESSENGERS.X.3,7,R3
1136,ATTENDANTS.RICHMOND,3,R3
1137,BISHOPS,1,R3
1138,CITIZENS,1,R3
1139,Romeo,4673,Rom
1140,Juliet,4265,Rom
1141,FriarLawrence,2722,Rom
1142,Nurse,2205,Rom
1143,Capulet,2136,Rom
1144,Mercutio,2100,Rom
1145,Benvolio,1160,Rom
1146,LadyCapulet,874,Rom
1147,PrinceEscalus,584,Rom
1148,Paris,540,Rom
1149,Montague,317,Rom
1150,Tybalt,263,Rom
1151,SERVANTS.CAPULET.Sampson,258,Rom
1152,SERVANTS.CAPULET.Peter,244,Rom
1153,SERVANTS.MONTAGUE.Balthasar,233,Rom
1154,Chorus,219,Rom
1155,SERVANTS.CAPULET.Gregory,145,Rom
1156,SERVANTS.CAPULET.X.1,142,Rom
1157,WATCHMEN.0.1,133,Rom
1158,SERVANTS.CAPULET.0.1,119,Rom
1159,FriarJohn,97,Rom
1160,SERVANTS.PARIS.1,80,Rom
1161,MUSICIANS.0.1,70,Rom
1162,Apothecary,53,Rom
1163,CITIZENS.0.1,43,Rom
1164,SERVANTS.CAPULET.0.2,37,Rom
1165,SERVANTS.CAPULET.X.2,35,Rom
1166,MUSICIANS.0.2,34,Rom
1167,LadyMontague,28,Rom
1168,WATCHMEN.0.3,26,Rom
1169,SERVANTS.MONTAGUE.Abram,24,Rom
1170,SERVANTS.CAPULET.0.3,21,Rom
1171,Cousin,18,Rom
1172,CITIZENS,16,Rom
1173,WATCHMEN.0.2,9,Rom
1174,MUSICIANS.0.3,7,Rom
1175,SERVANTS.CAPULET.0,4,Rom
1176,Petruchio,2,Rom
1177,Petruchio,4609,Shr
1178,Tranio,2262,Shr
1179,Katherine,1761,Shr
1180,Hortensio,1575,Shr
1181,Grumio,1454,Shr
1182,Lucentio,1371,Shr
1183,Gremio,1329,Shr
1184,Baptista,1289,Shr
1185,Lord,1059,Shr
1186,Biondello,817,Shr
1187,Bianca,544,Shr
1188,Sly,522,Shr
1189,Merchant,377,Shr
1190,Vincentio,346,Shr
1191,Curtis,170,Shr
1192,SERVANTS.LORD.0.1,143,Shr
1193,Page,122,Shr
1194,Tailor,111,Shr
1195,SERVANTS.LORD.0.2,104,Shr
1196,SERVANTS.LORD.0.3,100,Shr
1197,Widow,76,Shr
1198,Messenger,61,Shr
1199,HUNTSMEN.0.1,38,Shr
1200,HUNTSMEN.0.3,36,Shr
1201,HUNTSMEN.0.2,29,Shr
1202,PLAYERS.0.1,28,Shr
1203,SERVANTS.PETRUCHIO.Nathaniel,27,Shr
1204,Hostess,26,Shr
1205,SERVANTS.BAPTISTA.1,23,Shr
1206,SERVANTS.PETRUCHIO.Peter,13,Shr
1207,PLAYERS.0.2,12,Shr
1208,Haberdasher,8,Shr
1209,SERVANTS.PETRUCHIO.Phillip,8,Shr
1210,SERVANTS.PETRUCHIO.Joseph,7,Shr
1211,SERVANTS.PETRUCHIO.Nicholas,7,Shr
1212,PLAYERS,4,Shr
1213,SERVANTS.LORD,1,Shr
1214,SERVANTS.PETRUCHIO.0.4,1,Shr
1215,Prospero,4712,Tmp
1216,Caliban,1351,Tmp
1217,Stephano,1312,Tmp
1218,Ariel,1277,Tmp
1219,Gonzalo,1157,Tmp
1220,Miranda,1014,Tmp
1221,Antonio,991,Tmp
1222,Ferdinand,982,Tmp
1223,Trinculo,816,Tmp
1224,Alonso,749,Tmp
1225,Sebastian,699,Tmp
1226,Boatswain,353,Tmp
1227,SPIRITS.Iris,297,Tmp
1228,SPIRITS.Ceres,155,Tmp
1229,Francisco,79,Tmp
1230,Adrian,64,Tmp
1231,SPIRITS.Juno,41,Tmp
1232,Shipmaster,17,Tmp
1233,SAILORS,8,Tmp
1234,Timon,6336,Tim
1235,Apemantus,1759,Tim
1236,Flavius,1519,Tim
1237,Alcibiades,1181,Tim
1238,Poet,758,Tim
1239,Painter,483,Tim
1240,SENATORS.1,376,Tim
1241,FRIENDS.Lucius,353,Tim
1242,SENATORS.2,346,Tim
1243,FRIENDS.Lucullus,282,Tim
1244,SENATORS.X,281,Tim
1245,STRANGERS.1,230,Tim
1246,SERVANTS.TIMON.Flaminius,220,Tim
1247,SENATORS.0.1,219,Tim
1248,FRIENDS.Sempronius,212,Tim
1249,OldMan,207,Tim
1250,SERVANTS.LUCIUS.1,193,Tim
1251,Fool,181,Tim
1252,FRIENDS.0.1,174,Tim
1253,FRIENDS.0.2,171,Tim
1254,SERVANTS.TIMON.X.2,152,Tim
1255,SERVANTS.Caphis,151,Tim
1256,SERVANTS.TIMON.Servilius,129,Tim
1257,LORDS.0.1,122,Tim
1258,SERVANTS.VARRO.1,122,Tim
1259,LORDS.0.2,119,Tim
1260,SOLDIERS.1,118,Tim
1261,BANDITS.1,105,Tim
1262,SERVANTS.Titus,89,Tim
1263,Jeweler,78,Tim
1264,SENATORS.0.2,74,Tim
1265,MESSENGERS.X.3,70,Tim
1266,SERVANTS.Hortensius,70,Tim
1267,SERVANTS.ISIDORE.1,64,Tim
1268,FRIENDS.Ventidius,63,Tim
1269,Merchant,63,Tim
1270,BANDITS.3,61,Tim
1271,FRIENDS.0.3,57,Tim
1272,SERVANTS.TIMON.0.2,57,Tim
1273,BANDITS.2,50,Tim
1274,SERVANTS.Page,48,Tim
1275,STRANGERS.2,48,Tim
1276,Cupid,47,Tim
1277,SERVANTS.TIMON.0.3,47,Tim
1278,Timandra,44,Tim
1279,MESSENGERS.X.1,43,Tim
1280,SERVANTS.TIMON.0.1,41,Tim
1281,SERVANTS.VARRO.2,40,Tim
1282,SERVANTS.TIMON.Lucilius,35,Tim
1283,SERVANTS.Philotus,34,Tim
1284,Phrynia,33,Tim
1285,SERVANTS.TIMON.X.1,28,Tim
1286,SERVANTS.TIMON.3,26,Tim
1287,LORDS.0.3,24,Tim
1288,SERVANTS.LUCULLUS.1,23,Tim
1289,SERVANTS.TIMON.2,22,Tim
1290,FRIENDS.0.4,18,Tim
1291,SENATORS.3,16,Tim
1292,SERVANTS.TIMON.1,16,Tim
1293,LADIES.0.1,13,Tim
1294,MESSENGERS.X.2,9,Tim
1295,SENATORS.4,9,Tim
1296,FRIENDS.0,8,Tim
1297,ATTENDANTS.TIMON.0.1,5,Tim
1298,LADIES,4,Tim
1299,LORDS,4,Tim
1300,STRANGERS.3,4,Tim
1301,SENATORS.0.3,1,Tim
1302,Titus,5712,Tit
1303,Aaron,2805,Tit
1304,Marcus,2447,Tit
1305,Tamora,1981,Tit
1306,Saturninus,1590,Tit
1307,Lucius,1412,Tit
1308,Demetrius,720,Tit
1309,Bassianus,461,Tit
1310,Lavinia,457,Tit
1311,Chiron,403,Tit
1312,YoungLucius,350,Tit
1313,Martius,273,Tit
1314,Quintus,227,Tit
1315,CountryFellow,173,Tit
1316,GOTHS.0.2,170,Tit
1317,Nurse,136,Tit
1318,Aemilius,132,Tit
1319,Publius,112,Tit
1320,GOTHS.0.1,76,Tit
1321,Messenger,56,Tit
1322,TRIBUNES.0.1,52,Tit
1323,Captain,41,Tit
1324,GOTHS.0,38,Tit
1325,TRIBUNES,31,Tit
1326,Mutius,25,Tit
1327,ATTENDANTS,12,Tit
1328,GOTHS,10,Tit
1329,Troilus,3962,Tro
1330,Ulysses,3520,Tro
1331,Pandarus,3154,Tro
1332,Thersites,2287,Tro
1333,Cressida,2119,Tro
1334,Hector,1528,Tro
1335,Agamemnon,1407,Tro
1336,Achilles,1304,Tro
1337,Nestor,1135,Tro
1338,Aeneas,1052,Tro
1339,Paris,721,Tro
1340,Diomedes,703,Tro
1341,Ajax,539,Tro
1342,Patroclus,404,Tro
1343,Alexander,259,Tro
1344,Cassandra,259,Tro
1345,Calchas,229,Tro
1346,Prologue,224,Tro
1347,Helen,187,Tro
1348,Priam,139,Tro
1349,SERVANTS.PARIS.1,117,Tro
1350,Andromache,113,Tro
1351,Menelaus,86,Tro
1352,Helenus,37,Tro
1353,Boy,16,Tro
1354,Bastard,14,Tro
1355,Deiphobus,14,Tro
1356,SERVANTS.TROILUS.1,10,Tro
1357,MYRMIDONS.0.1,8,Tro
1358,SOLDIERS,5,Tro
1359,Antenor,4,Tro
1360,SERVANTS.DIOMEDES.1,4,Tro
1361,SOLDIERS.TROJAN,4,Tro
1362,ATTENDANTS.GREEK,3,Tro
1363,TobyBelch,2694,TN
1364,Viola,2564,TN
1365,Feste,2443,TN
1366,Olivia,2311,TN
1367,Malvolio,2224,TN
1368,Orsino,1617,TN
1369,Maria,1216,TN
1370,AndrewAguecheek,1171,TN
1371,Sebastian,1005,TN
1372,Fabian,862,TN
1373,Antonio,803,TN
1374,Captain,239,TN
1375,ATTENDANTS.ORSINO.Valentine,102,TN
1376,OFFICERS.1,100,TN
1377,Priest,57,TN
1378,ATTENDANTS.ORSINO.Curio,41,TN
1379,ATTENDANTS.OLIVIA.1,21,TN
1380,OFFICERS.2,19,TN
1381,Proteus,3350,TGV
1382,Valentine,2821,TGV
1383,Julia,2430,TGV
1384,Lance,1852,TGV
1385,Duke,1529,TGV
1386,Speed,1456,TGV
1387,Sylvia,1138,TGV
1388,Lucetta,556,TGV
1389,Thurio,372,TGV
1390,Pantino,311,TGV
1391,Antonio,262,TGV
1392,OUTLAWS.3,210,TGV
1393,Eglamour,192,TGV
1394,OUTLAWS.1,159,TGV
1395,Host,158,TGV
1396,OUTLAWS.2,105,TGV
1397,SERVANTS.1,9,TGV
1398,Palamon,4252,TNK
1399,Arcite,3671,TNK
1400,Emilia,2713,TNK
1401,Daughter,2675,TNK
1402,Theseus,2378,TNK
1403,Pirithous,881,TNK
1404,Wooer,776,TNK
1405,Jailer,750,TNK
1406,Schoolmaster,750,TNK
1407,Hippolyta,711,TNK
1408,Doctor,661,TNK
1409,QUEENS.1,520,TNK
1410,QUEENS.2,342,TNK
1411,MESSENGERS.X.1,329,TNK
1412,QUEENS.3,323,TNK
1413,Prologue,270,TNK
1414,COUNTRYMEN.0.2,235,TNK
1415,Epilogue,165,TNK
1416,COUNTRYMEN.0.3,162,TNK
1417,FRIENDS.1,152,TNK
1418,FRIENDS.2,147,TNK
1419,Boy,113,TNK
1420,COUNTRYMEN.0.1,105,TNK
1421,COUNTRYMEN.0.4,104,TNK
1422,Valerius,79,TNK
1423,Servant,72,TNK
1424,Woman,67,TNK
1425,Brother,65,TNK
1426,Herald,64,TNK
1427,KNIGHTS.PALAMON.0.1,44,TNK
1428,KNIGHTS.PALAMON.0.2,27,TNK
1429,MESSENGERS.X.2,21,TNK
1430,OTHERS,20,TNK
1431,ATTENDANTS.1,18,TNK
1432,KNIGHTS.PALAMON.0.3,10,TNK
1433,Taborer,7,TNK
1434,MESSENGERS.X.3,6,TNK
1435,COUNTRYWOMEN.0.1,4,TNK
1436,KNIGHTS.PALAMON,4,TNK
1437,COUNTRYMEN.0.5,2,TNK
1438,Leontes,4903,WT
1439,Autolycus,2395,WT
1440,Paulina,2390,WT
1441,Camillo,2094,WT
1442,Polixenes,1960,WT
1443,ShepherdsSon,1597,WT
1444,Hermione,1584,WT
1445,Florizell,1391,WT
1446,Shepherd,1072,WT
1447,Perdita,898,WT
1448,Antigonus,785,WT
1449,ATTENDANTS.3,594,WT
1450,SERVANTS.SHEPHERD.1,315,WT
1451,Chorus,266,WT
1452,ATTENDANTS.0.1,261,WT
1453,ATTENDANTS.1,221,WT
1454,OFFICERS.0.1,193,WT
1455,Dion,190,WT
1456,Archidamus,176,WT
1457,ATTENDANTS.X,172,WT
1458,Mamillius,151,WT
1459,LADIES.Emilia,142,WT
1460,Mopsa,142,WT
1461,Cleomenes,140,WT
1462,ATTENDANTS.2,126,WT
1463,SERVANTS.X.3,119,WT
1464,Sailor,80,WT
1465,Jailer,72,WT
1466,Dorcas,67,WT
1467,LADIES.0.1,49,WT
1468,SERVANTS.X.1,45,WT
1469,SERVANTS.X.2,31,WT
1470,LADIES.0.2,21,WT
1471,ATTENDANTS,19,WT
1472,SERVANTS.0,12,WT
